"name";"file";"min";"max";"formalism"
"code_acti_reserve";"file_ini.xml";1;2;"none"
"densinitial";"file_ini.xml";NA;NA;"none"
"Hinitf";"file_ini.xml";NA;NA;"none"
"lai0";"file_ini.xml";NA;NA;"none"
"magrain0";"file_ini.xml";NA;NA;"none"
"maperenne0";"file_ini.xml";NA;NA;"none"
"masec0";"file_ini.xml";NA;NA;"none"
"masecnp0";"file_ini.xml";NA;NA;"none"
"nbplantes";"file_ini.xml";NA;NA;"none"
"NH4initf";"file_ini.xml";NA;NA;"none"
"NO3initf";"file_ini.xml";NA;NA;"none"
"ps0";"file_ini.xml";NA;NA;"none"
"QNperenne0";"file_ini.xml";NA;NA;"none"
"QNplante0";"file_ini.xml";NA;NA;"none"
"QNplantenp0";"file_ini.xml";NA;NA;"none"
"restemp0";"file_ini.xml";NA;NA;"none"
"Sdepth0";"file_ini.xml";NA;NA;"none"
"Sdry0";"file_ini.xml";NA;NA;"none"
"stade0";"file_ini.xml";NA;NA;"none"
"Swet0";"file_ini.xml";NA;NA;"none"
"zrac0";"file_ini.xml";NA;NA;"none"
"abscission";"file_plt.xml";0;100;"leaves"
"adens";"file_plt.xml";-2;0;"cultivar parameters"
"adfol";"file_plt.xml";-10;10;"radiation interception"
"adil";"file_plt.xml";1;7;"nitrogen"
"adilmax";"file_plt.xml";3;10;"nitrogen"
"afpf";"file_plt.xml";0,01;1;"yield formation"
"afruitpot";"file_plt.xml";0,5;20;"cultivar parameters"
"allocfrmax";"file_plt.xml";0,05;1;"yield formation"
"alloperirac";"file_plt.xml";0;1;"roots"
"alphaco2";"file_plt.xml";1;2;"effect of atmospheric CO2 concentration"
"alphaphot";"file_plt.xml";0;1000;"leaves"
"ampfroid";"file_plt.xml";1;30;"phasic development"
"bdens";"file_plt.xml";1;200;"cultivar parameters"
"bdil";"file_plt.xml";0,01;0,8;"nitrogen"
"bdilmax";"file_plt.xml";0,01;0,8;"nitrogen"
"belong";"file_plt.xml";0,005;0,04;"emergence and starting"
"bfpf";"file_plt.xml";0;30;"yield formation"
"celong";"file_plt.xml";1;10;"emergence and starting"
"cfpf";"file_plt.xml";0,1;100;"yield formation"
"cgrain";"file_plt.xml";0,01;1;"yield formation"
"cgrainv0";"file_plt.xml";0;15000;"yield formation"
"codazofruit";"file_plt.xml";1;2;"nitrogen"
"codazorac";"file_plt.xml";1;2;"roots"
"codcalinflo";"file_plt.xml";1;2;"cultivar parameters"
"code_acti_reserve";"file_plt.xml";1;2;"partitioning of biomass in organs"
"code_diff_root";"file_plt.xml";1;2;"roots"
"code_rootdeposition";"file_plt.xml";1;2;"roots"
"code_stress_root";"file_plt.xml";1;2;"roots"
"code_WangEngel";"file_plt.xml";1;2;"phasic development"
"codebeso";"file_plt.xml";1;2;"water"
"codebfroid";"file_plt.xml";1;3;"cultivar parameters"
"codedisrac";"file_plt.xml";1;2;"roots"
"codedormance";"file_plt.xml";1;3;"phasic development"
"codedyntalle";"file_plt.xml";1;2;"partitioning of biomass in organs"
"codefixpot";"file_plt.xml";1;2;"nitrogen"
"codegdh";"file_plt.xml";1;2;"phasic development"
"codegdhdeb";"file_plt.xml";1;2;"phasic development"
"codegermin";"file_plt.xml";1;2;"emergence and starting"
"codehypo";"file_plt.xml";1;2;"emergence and starting"
"codeindetermin";"file_plt.xml";1;2;"cultivar parameters"
"codeINN";"file_plt.xml";1;2;"nitrogen"
"codeintercept";"file_plt.xml";1;2;"water"
"codeir";"file_plt.xml";1;2;"cultivar parameters"
"codelaitr";"file_plt.xml";1;2;"leaves"
"codelegume";"file_plt.xml";1;2;"nitrogen"
"codemonocot";"file_plt.xml";1;2;"plant name and group"
"codemontaison";"file_plt.xml";1;2;"partitioning of biomass in organs"
"codemortalracine";"file_plt.xml";1;2;"roots"
"codeperenne";"file_plt.xml";1;2;"emergence and starting"
"codephot";"file_plt.xml";1;2;"cultivar parameters"
"codephot_part";"file_plt.xml";1;2;"phasic development"
"codeplante";"file_plt.xml";NA;NA;"plant name and group"
"codeplisoleN";"file_plt.xml";1;2;"nitrogen"
"coderacine";"file_plt.xml";1;2;"roots"
"coderetflo";"file_plt.xml";1;2;"phasic development"
"codestrphot";"file_plt.xml";1;2;"leaves"
"codetemp";"file_plt.xml";1;2;"phasic development"
"codetemprac";"file_plt.xml";1;2;"roots"
"codetranspitalle";"file_plt.xml";1;2;"partitioning of biomass in organs"
"codetransrad";"file_plt.xml";1;2;"cultivar parameters"
"codetremp";"file_plt.xml";1;2;"yield formation"
"codgelflo";"file_plt.xml";1;2;"frost"
"codgeljuv";"file_plt.xml";1;2;"cultivar parameters"
"codgellev";"file_plt.xml";1;2;"cultivar parameters"
"codgelveg";"file_plt.xml";1;2;"cultivar parameters"
"codlainet";"file_plt.xml";1;2;"cultivar parameters"
"codtrophrac";"file_plt.xml";1;3;"roots"
"coefamflax";"file_plt.xml";1;2;"phasic development"
"coefdrpmat";"file_plt.xml";1;2;"phasic development"
"coefflodrp";"file_plt.xml";1;2;"phasic development"
"coeflaxsen";"file_plt.xml";1;2;"phasic development"
"coeflevamf";"file_plt.xml";1;2;"phasic development"
"coeflevdrp";"file_plt.xml";1;2;"phasic development"
"coefmshaut";"file_plt.xml";2;50;"shoot biomass growth"
"coefracoupe";"file_plt.xml";0;1;"roots"
"coefsenlan";"file_plt.xml";1;2;"phasic development"
"concNnodseuil";"file_plt.xml";0;10;"nitrogen"
"concNrac0";"file_plt.xml";0;10;"nitrogen"
"concNrac100";"file_plt.xml";0;2;"nitrogen"
"contrdamax";"file_plt.xml";0;1;"roots"
"correspondance code BBCH";"file_plt.xml";NA;NA;"correspondance code BBCH"
"croirac";"file_plt.xml";0;0,5;"cultivar parameters"
"cultivar parameters";"file_plt.xml";NA;NA;"cultivar parameters"
"debsenrac";"file_plt.xml";0;2000;"roots"
"deshydbase";"file_plt.xml";-0,02;0,02;"cultivar parameters"
"dfolbas";"file_plt.xml";1;10;"radiation interception"
"dfolhaut";"file_plt.xml";1;10;"radiation interception"
"dfpf";"file_plt.xml";0,01;5;"yield formation"
"dlaimax";"file_plt.xml";5e-06;0,5;"cultivar parameters"
"dlaimaxbrut";"file_plt.xml";5e-06;0,5;"cultivar parameters"
"dlaimin";"file_plt.xml";0,01;1;"leaves"
"dltamsmaxsen";"file_plt.xml";0,01;0,1;"leaves"
"dltamsminsen";"file_plt.xml";0,01;0,1;"leaves"
"draclong";"file_plt.xml";1;1000;"roots"
"dureefruit";"file_plt.xml";10;2000;"cultivar parameters"
"durvieF";"file_plt.xml";10;500;"cultivar parameters"
"durviesupmax";"file_plt.xml";0;1;"leaves"
"efcroijuv";"file_plt.xml";1;7;"shoot biomass growth"
"efcroirepro";"file_plt.xml";1;10;"shoot biomass growth"
"efcroiveg";"file_plt.xml";1;10;"shoot biomass growth"
"effect of atmospheric CO2 concentration";"file_plt.xml";NA;NA;"effect of atmospheric CO2 concentration"
"Efremobil";"file_plt.xml";0;1;"partitioning of biomass in organs"
"elmax";"file_plt.xml";2;40;"emergence and starting"
"emergence and starting";"file_plt.xml";NA;NA;"emergence and starting"
"envfruit";"file_plt.xml";0;0,5;"partitioning of biomass in organs"
"extin";"file_plt.xml";0,1;1,5;"cultivar parameters"
"fixmax";"file_plt.xml";2;12;"nitrogen"
"fixmaxgr";"file_plt.xml";0;50;"nitrogen"
"fixmaxveg";"file_plt.xml";0;50;"nitrogen"
"forme";"file_plt.xml";1;3;"radiation interception"
"frost";"file_plt.xml";NA;NA;"frost"
"genotypes";"file_plt.xml";NA;NA;"cultivar parameters"
"h2ofeuiljaune";"file_plt.xml";0,05;1;"water"
"h2ofeuilverte";"file_plt.xml";0,5;1;"water"
"h2ofrvert";"file_plt.xml";0,1;1;"water"
"h2oreserve";"file_plt.xml";0,5;1;"water"
"h2otigestruc";"file_plt.xml";0,5;1;"water"
"hautbase";"file_plt.xml";0,1;2;"cultivar parameters"
"hautmax";"file_plt.xml";0,1;5;"cultivar parameters"
"idebdorm";"file_plt.xml";1;731;"phasic development"
"ifindorm";"file_plt.xml";1;731;"phasic development"
"inflomax";"file_plt.xml";0;100;"cultivar parameters"
"infrecouv";"file_plt.xml";0;3;"leaves"
"inilai";"file_plt.xml";0;0,1;"partitioning of biomass in organs"
"inngrain1";"file_plt.xml";0,3;2;"nitrogen"
"inngrain2";"file_plt.xml";0,3;2;"nitrogen"
"INNimin";"file_plt.xml";0;1;"nitrogen"
"INNmin";"file_plt.xml";0;1;"nitrogen"
"innsen";"file_plt.xml";-2;1;"cultivar parameters"
"innturgmin";"file_plt.xml";-2;1;"leaves"
"irazomax";"file_plt.xml";0,01;1;"yield formation"
"irmax";"file_plt.xml";0,2;1;"yield formation"
"julvernal";"file_plt.xml";1;731;"phasic development"
"jvc";"file_plt.xml";0;70;"cultivar parameters"
"jvcmini";"file_plt.xml";0;7;"phasic development"
"kdisrac";"file_plt.xml";1e-05;0,01;"roots"
"khaut";"file_plt.xml";0,2;2;"cultivar parameters"
"Kmabs1";"file_plt.xml";20;200;"nitrogen"
"Kmabs2";"file_plt.xml";4000;40000;"nitrogen"
"kmax";"file_plt.xml";0,5;4;"water"
"krepracperm";"file_plt.xml";1e-04;1;"roots"
"krepracseu";"file_plt.xml";1e-04;1;"roots"
"kstemflow";"file_plt.xml";0,1;2;"water"
"ktrou";"file_plt.xml";0,1;2;"cultivar parameters"
"laicomp";"file_plt.xml";0;1;"leaves"
"laiplantule";"file_plt.xml";0;8;"emergence and starting"
"leaves";"file_plt.xml";NA;NA;"leaves"
"longsperac";"file_plt.xml";250;25000;"roots"
"lvfront";"file_plt.xml";0,02;1;"roots"
"lvmax";"file_plt.xml";0;4;"roots"
"masecmeta";"file_plt.xml";0,1;1;"nitrogen"
"masecNmax";"file_plt.xml";0,05;5;"nitrogen"
"masecplantule";"file_plt.xml";0,002;4;"emergence and starting"
"maxazorac";"file_plt.xml";0,1;5;"roots"
"MaxTalle";"file_plt.xml";3000;5000;"partitioning of biomass in organs"
"minazorac";"file_plt.xml";0;5;"roots"
"minefnra";"file_plt.xml";0;1;"roots"
"mouillabil";"file_plt.xml";0,05;3;"water"
"nbfeuilplant";"file_plt.xml";0;10;"emergence and starting"
"nbfgellev";"file_plt.xml";1;5;"frost"
"nbgrmax";"file_plt.xml";0;1e+06;"cultivar parameters"
"nbgrmin";"file_plt.xml";0;10000;"cultivar parameters"
"nbinflo";"file_plt.xml";0;100;"cultivar parameters"
"nbjgerlim";"file_plt.xml";1;50;"emergence and starting"
"nbjgrain";"file_plt.xml";5;40;"cultivar parameters"
"nboite";"file_plt.xml";1;20;"yield formation"
"nitrogen";"file_plt.xml";NA;NA;"nitrogen"
"nlevlim1";"file_plt.xml";1;100;"emergence and starting"
"nlevlim2";"file_plt.xml";1;100;"emergence and starting"
"Nmeta";"file_plt.xml";0;100;"nitrogen"
"Nreserve";"file_plt.xml";0;100;"nitrogen"
"parazofmorte";"file_plt.xml";10;20;"leaves"
"Parazoper";"file_plt.xml";0;50;"partitioning of biomass in organs"
"parazorac";"file_plt.xml";10;60;"roots"
"ParazoTmorte";"file_plt.xml";0;100;"partitioning of biomass in organs"
"partitioning of biomass in organs";"file_plt.xml";NA;NA;"partitioning of biomass in organs"
"pentinflores";"file_plt.xml";0;10;"cultivar parameters"
"pentlaimax";"file_plt.xml";0;10;"leaves"
"pentrecouv";"file_plt.xml";0;10;"leaves"
"pgrainmaxi";"file_plt.xml";0;5;"cultivar parameters"
"phasic development";"file_plt.xml";NA;NA;"phasic development"
"phobase";"file_plt.xml";0;24;"cultivar parameters"
"phobasesen";"file_plt.xml";1;12;"leaves"
"phosat";"file_plt.xml";0;24;"cultivar parameters"
"phyllotherme";"file_plt.xml";10;150;"leaves"
"plant name and group";"file_plt.xml";NA;NA;"plant name and group"
"potgermi";"file_plt.xml";1e-04;1;"emergence and starting"
"profnod";"file_plt.xml";10;50;"nitrogen"
"propjgermin";"file_plt.xml";0;100;"emergence and starting"
"propracfmax";"file_plt.xml";0;1;"roots"
"Propres";"file_plt.xml";0;1;"partitioning of biomass in organs"
"propresP";"file_plt.xml";0;1;"partitioning of biomass in organs"
"PropresPN";"file_plt.xml";0;1;"partitioning of biomass in organs"
"psisto";"file_plt.xml";1;25;"cultivar parameters"
"psiturg";"file_plt.xml";1;15;"cultivar parameters"
"q10";"file_plt.xml";1,5;3,5;"phasic development"
"radiation interception";"file_plt.xml";NA;NA;"radiation interception"
"rapdia";"file_plt.xml";1;10;"roots"
"rapforme";"file_plt.xml";-5;5;"radiation interception"
"rapsenturg";"file_plt.xml";0,5;1,5;"cultivar parameters"
"ratiodurvieI";"file_plt.xml";0;1;"leaves"
"ratiosen";"file_plt.xml";0;1;"leaves"
"rayon";"file_plt.xml";0,005;0,07;"roots"
"remobres";"file_plt.xml";0;0,5;"shoot biomass growth"
"repracpermax";"file_plt.xml";0,1;0,9;"roots"
"repracpermin";"file_plt.xml";0,1;0,9;"roots"
"repracseumax";"file_plt.xml";0,1;0,9;"roots"
"repracseumin";"file_plt.xml";0,1;0,9;"roots"
"resplmax";"file_plt.xml";0;100;"partitioning of biomass in organs"
"roots";"file_plt.xml";NA;NA;"roots"
"rsmin";"file_plt.xml";20;500;"water"
"RTD";"file_plt.xml";0,05;0,8;"roots"
"sea";"file_plt.xml";0;300;"partitioning of biomass in organs"
"sensanox";"file_plt.xml";0;1;"roots"
"sensiphot";"file_plt.xml";0;1;"cultivar parameters"
"sensrsec";"file_plt.xml";0;1;"roots"
"SeuilLAIapex";"file_plt.xml";0,5;2;"partitioning of biomass in organs"
"SeuilMorTalle";"file_plt.xml";0,01;0,04;"partitioning of biomass in organs"
"SeuilReconsPeupl";"file_plt.xml";400;1200;"partitioning of biomass in organs"
"shoot biomass growth";"file_plt.xml";NA;NA;"shoot biomass growth"
"SigmaDisTalle";"file_plt.xml";0,1;0,2;"partitioning of biomass in organs"
"slamax";"file_plt.xml";50;500;"cultivar parameters"
"slamin";"file_plt.xml";50;500;"partitioning of biomass in organs"
"spfrmax";"file_plt.xml";0,7;2;"yield formation"
"spfrmin";"file_plt.xml";0;1;"yield formation"
"splaimax";"file_plt.xml";0,7;2;"yield formation"
"splaimin";"file_plt.xml";0,01;1;"yield formation"
"stadebbchamf";"file_plt.xml";NA;NA;"correspondance code BBCH"
"stadebbchdebdes";"file_plt.xml";NA;NA;"correspondance code BBCH"
"stadebbchdrp";"file_plt.xml";NA;NA;"correspondance code BBCH"
"stadebbchfindorm";"file_plt.xml";NA;NA;"correspondance code BBCH"
"stadebbchflo";"file_plt.xml";NA;NA;"correspondance code BBCH"
"stadebbchger";"file_plt.xml";NA;NA;"correspondance code BBCH"
"stadebbchlax";"file_plt.xml";NA;NA;"correspondance code BBCH"
"stadebbchlev";"file_plt.xml";NA;NA;"correspondance code BBCH"
"stadebbchmat";"file_plt.xml";NA;NA;"correspondance code BBCH"
"stadebbchnou";"file_plt.xml";NA;NA;"correspondance code BBCH"
"stadebbchplt";"file_plt.xml";NA;NA;"correspondance code BBCH"
"stadebbchrec";"file_plt.xml";NA;NA;"correspondance code BBCH"
"stadebbchsen";"file_plt.xml";NA;NA;"correspondance code BBCH"
"stamflax";"file_plt.xml";0;6000;"cultivar parameters"
"stdnofno";"file_plt.xml";0;500;"nitrogen"
"stdordebour";"file_plt.xml";0;20000;"cultivar parameters"
"stdrpdes";"file_plt.xml";0;900;"cultivar parameters"
"stdrpmat";"file_plt.xml";0;2000;"cultivar parameters"
"stdrpnou";"file_plt.xml";0;6000;"cultivar parameters"
"stemflowmax";"file_plt.xml";0;1;"water"
"stflodrp";"file_plt.xml";0;500;"cultivar parameters"
"stfnofvino";"file_plt.xml";0;500;"nitrogen"
"stlaxsen";"file_plt.xml";0;6000;"cultivar parameters"
"stlevamf";"file_plt.xml";0;6000;"cultivar parameters"
"stlevdno";"file_plt.xml";0;500;"nitrogen"
"stlevdrp";"file_plt.xml";0;6000;"cultivar parameters"
"stoprac";"file_plt.xml";NA;NA;"roots"
"stpltger";"file_plt.xml";0;100;"emergence and starting"
"stressdev";"file_plt.xml";0,1;0,9;"phasic development"
"stsenlan";"file_plt.xml";0;6000;"cultivar parameters"
"SurfApex";"file_plt.xml";2,5e-06;1e-05;"partitioning of biomass in organs"
"swfacmin";"file_plt.xml";0,05;0,3;"cultivar parameters"
"tauxmortresP";"file_plt.xml";0;1;"partitioning of biomass in organs"
"tauxrecouvkmax";"file_plt.xml";0,5;1;"leaves"
"tauxrecouvmax";"file_plt.xml";0,5;1;"leaves"
"tcmax";"file_plt.xml";10;50;"leaves"
"tcmin";"file_plt.xml";-10;15;"leaves"
"tcxstop";"file_plt.xml";0;100;"leaves"
"tdebgel";"file_plt.xml";-5;5;"frost"
"tdmax";"file_plt.xml";15;40;"phasic development"
"tdmaxdeb";"file_plt.xml";0;40;"phasic development"
"tdmin";"file_plt.xml";-10;15;"phasic development"
"tdmindeb";"file_plt.xml";0;40;"phasic development"
"tdoptdeb";"file_plt.xml";0;30;"phasic development"
"temax";"file_plt.xml";15;40;"shoot biomass growth"
"temin";"file_plt.xml";-10;15;"cultivar parameters"
"tempdeshyd";"file_plt.xml";1e-04;0,05;"water"
"tempnod1";"file_plt.xml";-10;40;"nitrogen"
"tempnod2";"file_plt.xml";-10;40;"nitrogen"
"tempnod3";"file_plt.xml";-10;40;"nitrogen"
"tempnod4";"file_plt.xml";-10;40;"nitrogen"
"teopt";"file_plt.xml";10;30;"cultivar parameters"
"teoptbis";"file_plt.xml";10;30;"shoot biomass growth"
"tfroid";"file_plt.xml";-5;10;"phasic development"
"tgelflo10";"file_plt.xml";-25;0;"frost"
"tgelflo90";"file_plt.xml";-25;0;"frost"
"tgeljuv10";"file_plt.xml";-25;0;"cultivar parameters"
"tgeljuv90";"file_plt.xml";-25;0;"frost"
"tgellev10";"file_plt.xml";-25;0;"cultivar parameters"
"tgellev90";"file_plt.xml";-25;0;"frost"
"tgelveg10";"file_plt.xml";-25;0;"cultivar parameters"
"tgelveg90";"file_plt.xml";-25;0;"frost"
"tgmin";"file_plt.xml";-10;15;"emergence and starting"
"tigefeuil";"file_plt.xml";0;3;"cultivar parameters"
"tigefeuilcoupe";"file_plt.xml";1;10;"partitioning of biomass in organs"
"tletale";"file_plt.xml";-30;-1;"frost"
"tmaxremp";"file_plt.xml";10;40;"yield formation"
"tminremp";"file_plt.xml";0;20;"yield formation"
"tustressmin";"file_plt.xml";0,3;1;"leaves"
"udlaimax";"file_plt.xml";1;3;"leaves"
"vigueurbat";"file_plt.xml";1e-04;1;"emergence and starting"
"vitirazo";"file_plt.xml";0,001;0,04;"cultivar parameters"
"vitircarb";"file_plt.xml";0,001;0,02;"cultivar parameters"
"vitircarbT";"file_plt.xml";5e-05;0,002;"cultivar parameters"
"vitno";"file_plt.xml";0,001;0,01;"nitrogen"
"vitprophuile";"file_plt.xml";0,001;0,01;"cultivar parameters"
"vitpropsucre";"file_plt.xml";0,001;0,01;"cultivar parameters"
"VitReconsPeupl";"file_plt.xml";1e-05;0,01;"partitioning of biomass in organs"
"vlaimax";"file_plt.xml";1,5;2,5;"leaves"
"Vmax1";"file_plt.xml";2e-04;0,01;"nitrogen"
"Vmax2";"file_plt.xml";0,002;0,1;"nitrogen"
"water";"file_plt.xml";NA;NA;"water"
"yield formation";"file_plt.xml";NA;NA;"yield formation"
"zlabour";"file_plt.xml";0;100;"roots"
"zpente";"file_plt.xml";10;200;"roots"
"zprlim";"file_plt.xml";10;200;"roots"
"zracplantule";"file_plt.xml";0;200;"emergence and starting"
"aangst";"file_sta.xml";NA;NA;"Microclimate"
"aclim";"file_sta.xml";4;25;"Weather station"
"aks";"file_sta.xml";0,01;100;"climate under a shelter"
"albveg";"file_sta.xml";0,05;0,3;"Microclimate"
"alphapt";"file_sta.xml";1;2;"climate"
"altinversion";"file_sta.xml";0;2000;"climate"
"altisimul";"file_sta.xml";0;2000;"climate"
"altistation";"file_sta.xml";0;2000;"climate"
"bangst";"file_sta.xml";0;1;"Microclimate"
"bks";"file_sta.xml";0;100;"climate under a shelter"
"cielclair";"file_sta.xml";0;1;"climate"
"climate";"file_sta.xml";NA;NA;"climate"
"climate under a shelter";"file_sta.xml";NA;NA;"climate under a shelter"
"Climate with snow";"file_sta.xml";NA;NA;"Climate with snow"
"codadret";"file_sta.xml";1;2;"climate"
"codaltitude";"file_sta.xml";1;2;"climate"
"codecaltemp";"file_sta.xml";1;2;"Microclimate"
"codeclichange";"file_sta.xml";1;2;"climate"
"codeetp";"file_sta.xml";1;4;"climate"
"codemodlsnow";"file_sta.xml";1;3;"Climate with snow"
"codernet";"file_sta.xml";1;2;"Microclimate"
"coefdevil";"file_sta.xml";0,3;1,2;"climate under a shelter"
"coefrnet";"file_sta.xml";0,001;1;"climate under a shelter"
"concrr";"file_sta.xml";0;3;"Weather station"
"corecTrosee";"file_sta.xml";-5;5;"Microclimate"
"cvent";"file_sta.xml";0,001;1;"climate under a shelter"
"DKmax";"file_sta.xml";1;2;"Climate with snow"
"E";"file_sta.xml";0;0,05;"Climate with snow"
"gradtn";"file_sta.xml";0,1;3;"climate"
"gradtninv";"file_sta.xml";0,1;3;"climate"
"gradtx";"file_sta.xml";0,1;3;"climate"
"Kmin";"file_sta.xml";1,5;2,5;"Climate with snow"
"latitude";"file_sta.xml";-90;90;"Weather station"
"Microclimate";"file_sta.xml";NA;NA;"Microclimate"
"NH3ref";"file_sta.xml";0;10;"Weather station"
"ombragetx";"file_sta.xml";-5;5;"climate"
"patm";"file_sta.xml";800;1200;"Weather station"
"phiv0";"file_sta.xml";0;0,01;"climate under a shelter"
"Pns";"file_sta.xml";10;200;"Climate with snow"
"prof";"file_sta.xml";5;15;"Climate with snow"
"ra";"file_sta.xml";10;70;"Microclimate"
"SWrf";"file_sta.xml";0;0,01;"Climate with snow"
"tmaxseuil";"file_sta.xml";-0,5;0,5;"Climate with snow"
"Tmf";"file_sta.xml";0;1;"Climate with snow"
"tminseuil";"file_sta.xml";-1;0;"Climate with snow"
"trmax";"file_sta.xml";0,5;1,5;"Climate with snow"
"tsmax";"file_sta.xml";-3;-0,5;"Climate with snow"
"Weather station";"file_sta.xml";NA;NA;"Weather station"
"zr";"file_sta.xml";2;10;"Weather station"
"absolute_value/%";"file_tec.xml";NA;NA;"fertilisation"
"albedomulchplastique";"file_tec.xml";0,05;0,8;"special techniques"
"amount";"file_tec.xml";NA;NA;"irrigation"
"anitcoupe";"file_tec.xml";NA;NA;"special techniques"
"biorognem";"file_tec.xml";0;10;"special techniques"
"cadencerec";"file_tec.xml";1;30;"harvest"
"CNgrainrec";"file_tec.xml";0;1;"harvest"
"codabri";"file_tec.xml";1;2;"special techniques"
"codcaleffeuil";"file_tec.xml";1;2;"special techniques"
"codcalrogne";"file_tec.xml";1;2;"special techniques"
"codceuille";"file_tec.xml";1;2;"harvest"
"code_auto_profres";"file_tec.xml";1;2;"soil tillage"
"code_autoressuite";"file_tec.xml";1;2;"harvest"
"code_hautfauche_dyn";"file_tec.xml";1;2;"special techniques"
"codeaumin";"file_tec.xml";1;2;"harvest"
"codecalirrig";"file_tec.xml";1;2;"irrigation"
"codeclaircie";"file_tec.xml";1;2;"special techniques"
"codedate_irrigauto";"file_tec.xml";1;3;"irrigation"
"codedateappH2O";"file_tec.xml";1;2;"irrigation"
"codedateappN";"file_tec.xml";1;2;"fertilisation"
"codedecirecolte";"file_tec.xml";1;2;"harvest"
"codedecisemis";"file_tec.xml";1;2;"sowing"
"codeDST";"file_tec.xml";1;2;"soil modification by techniques (compaction-fragmentation)"
"codeDSTnbcouche";"file_tec.xml";1;2;"soil modification by techniques (compaction-fragmentation)"
"codeDSTtass";"file_tec.xml";1;2;"soil modification by techniques (compaction-fragmentation)"
"codefauche";"file_tec.xml";1;2;"special techniques"
"codeffeuil";"file_tec.xml";1;2;"special techniques"
"codefracappN";"file_tec.xml";1;2;"fertilisation"
"codejourdes";"file_tec.xml";1;2;"special techniques"
"codemodfauche";"file_tec.xml";1;3;"special techniques"
"codepaillage";"file_tec.xml";1;2;"special techniques"
"codepalissage";"file_tec.xml";1;2;"special techniques"
"coderecolteassoc";"file_tec.xml";1;2;"harvest"
"coderes";"file_tec.xml";NA;NA;"supply of organic residus"
"codestade";"file_tec.xml";1;2;"phenological stages"
"codetaille";"file_tec.xml";1;2;"special techniques"
"codetempfauche";"file_tec.xml";1;2;"special techniques"
"codetradtec";"file_tec.xml";1;2;"sowing"
"codhauteff";"file_tec.xml";1;2;"special techniques"
"codlocferti";"file_tec.xml";1;2;"fertilisation"
"codlocirrig";"file_tec.xml";1;3;"irrigation"
"codrecolte";"file_tec.xml";1;5;"harvest"
"codrognage";"file_tec.xml";1;2;"special techniques"
"concirr";"file_tec.xml";0;0,2;"fertilisation"
"couvermulchplastique";"file_tec.xml";0;1;"special techniques"
"Crespc";"file_tec.xml";NA;NA;"supply of organic residus"
"CsurNres";"file_tec.xml";NA;NA;"supply of organic residus"
"dachisel";"file_tec.xml";0,8;2;"soil modification by techniques (compaction-fragmentation)"
"dalabour";"file_tec.xml";0,8;2;"soil modification by techniques (compaction-fragmentation)"
"darecolte";"file_tec.xml";0,8;2;"soil modification by techniques (compaction-fragmentation)"
"dasemis";"file_tec.xml";0,8;2;"soil modification by techniques (compaction-fragmentation)"
"datedeb_irrigauto";"file_tec.xml";0;731;"irrigation"
"datefin_irrigauto";"file_tec.xml";0;731;"irrigation"
"densitesem";"file_tec.xml";0,05;2000;"sowing"
"doseirrigmin";"file_tec.xml";0;500;"irrigation"
"dosimx";"file_tec.xml";10;500;"irrigation"
"eau_mini_decisemis";"file_tec.xml";0;20;"sowing"
"eaures";"file_tec.xml";NA;NA;"supply of organic residus"
"effeuil";"file_tec.xml";0;1;"special techniques"
"effirr";"file_tec.xml";0,2;1;"irrigation"
"engrais";"file_tec.xml";NA;NA;"fertilisation"
"engraiscoupe";"file_tec.xml";NA;NA;"special techniques"
"fertilisation";"file_tec.xml";NA;NA;"fertilisation"
"h2ograinmax";"file_tec.xml";0,05;1;"harvest"
"h2ograinmin";"file_tec.xml";0,05;1;"harvest"
"harvest";"file_tec.xml";NA;NA;"harvest"
"hautcoupe";"file_tec.xml";NA;NA;"special techniques"
"hautcoupedefaut";"file_tec.xml";0,01;0,5;"special techniques"
"hautmaxtec";"file_tec.xml";0,5;3;"special techniques"
"hautrogne";"file_tec.xml";0,2;2;"special techniques"
"huilerec";"file_tec.xml";0,1;1;"harvest"
"humirac_decisemis";"file_tec.xml";0;1;"sowing"
"iamf";"file_tec.xml";1;999;"phenological stages"
"idrp";"file_tec.xml";1;999;"phenological stages"
"iflo";"file_tec.xml";1;999;"phenological stages"
"ilan";"file_tec.xml";1;999;"phenological stages"
"ilax";"file_tec.xml";1;999;"phenological stages"
"ilev";"file_tec.xml";1;999;"phenological stages"
"imat";"file_tec.xml";1;999;"phenological stages"
"interrang";"file_tec.xml";0;10;"sowing"
"iplt0";"file_tec.xml";1;731;"sowing"
"irec";"file_tec.xml";1;999;"phenological stages"
"irecbutoir";"file_tec.xml";1;999;"harvest"
"irrigation";"file_tec.xml";NA;NA;"irrigation"
"isen";"file_tec.xml";1;999;"phenological stages"
"julapI_or_sum_upvt";"file_tec.xml";NA;NA;"irrigation"
"julapN_or_sum_upvt";"file_tec.xml";NA;NA;"fertilisation"
"juldes";"file_tec.xml";1;999;"special techniques"
"juleclair";"file_tec.xml";NA;NA;"special techniques"
"juleffeuil";"file_tec.xml";1;731;"special techniques"
"julfauche";"file_tec.xml";NA;NA;"special techniques"
"julouvre2";"file_tec.xml";1;731;"special techniques"
"julouvre3";"file_tec.xml";1;731;"special techniques"
"julres";"file_tec.xml";NA;NA;"supply of organic residus"
"julrogne";"file_tec.xml";1;731;"special techniques"
"jultaille";"file_tec.xml";1;731;"special techniques"
"jultrav";"file_tec.xml";NA;NA;"soil tillage"
"laidebeff";"file_tec.xml";1;10;"special techniques"
"laieffeuil";"file_tec.xml";0,05;10;"special techniques"
"lairesiduel";"file_tec.xml";NA;NA;"special techniques"
"largrogne";"file_tec.xml";0,1;2;"special techniques"
"largtec";"file_tec.xml";0,1;2;"special techniques"
"locferti";"file_tec.xml";0;30;"fertilisation"
"locirrig";"file_tec.xml";0;30;"irrigation"
"margerogne";"file_tec.xml";0,01;1;"special techniques"
"mscoupemini";"file_tec.xml";NA;NA;"special techniques"
"msresiduel";"file_tec.xml";NA;NA;"special techniques"
"nbceuille";"file_tec.xml";1;2;"harvest"
"nbinfloecl";"file_tec.xml";NA;NA;"special techniques"
"nbj_pr_apres_semis";"file_tec.xml";1;20;"sowing"
"nbjmaxapresrecolte";"file_tec.xml";0;90;"harvest"
"nbjmaxapressemis";"file_tec.xml";0;90;"sowing"
"nbjseuiltempref";"file_tec.xml";1;60;"sowing"
"Nminres";"file_tec.xml";NA;NA;"supply of organic residus"
"orientrang";"file_tec.xml";0;6,28;"sowing"
"phenological stages";"file_tec.xml";NA;NA;"phenological stages"
"profhumrecolteuse";"file_tec.xml";0;100;"soil modification by techniques (compaction-fragmentation)"
"profhumsemoir";"file_tec.xml";0;100;"soil modification by techniques (compaction-fragmentation)"
"profmes";"file_tec.xml";10;1000;"irrigation"
"profres";"file_tec.xml";NA;NA;"soil tillage"
"profsem";"file_tec.xml";0;10;"sowing"
"proftrav";"file_tec.xml";NA;NA;"soil tillage"
"qres";"file_tec.xml";NA;NA;"supply of organic residus"
"Qtot_N";"file_tec.xml";0;200;"fertilisation"
"ratiol";"file_tec.xml";0,2;1;"irrigation"
"resk";"file_tec.xml";1;0;"soil tillage"
"ressuite";"file_tec.xml";NA;NA;"harvest"
"restit";"file_tec.xml";NA;NA;"special techniques"
"resz";"file_tec.xml";10;0;"soil tillage"
"rugochisel";"file_tec.xml";0,01;0,2;"soil modification by techniques (compaction-fragmentation)"
"rugolabour";"file_tec.xml";0,01;0,2;"soil modification by techniques (compaction-fragmentation)"
"soil modification by techniques (compaction-fragmentation)";"file_tec.xml";NA;NA;"soil modification by techniques (compaction-fragmentation)"
"soil tillage";"file_tec.xml";NA;NA;"soil tillage"
"sowing";"file_tec.xml";NA;NA;"sowing"
"special techniques";"file_tec.xml";NA;NA;"special techniques"
"stadecoupedf";"file_tec.xml";NA;NA;"special techniques"
"stage_end_irrigauto";"file_tec.xml";0;731;"irrigation"
"stage_start_irrigauto";"file_tec.xml";0;731;"irrigation"
"Stubblevegratio";"file_tec.xml";0;100;"harvest"
"sucrerec";"file_tec.xml";1e-04;0,5;"harvest"
"supply of organic residus";"file_tec.xml";NA;NA;"supply of organic residus"
"surfouvre1";"file_tec.xml";0,1;0,8;"special techniques"
"surfouvre2";"file_tec.xml";0,1;0,8;"special techniques"
"surfouvre3";"file_tec.xml";0,1;0,8;"special techniques"
"tauxexportfauche";"file_tec.xml";NA;NA;"special techniques"
"tempfauche";"file_tec.xml";NA;NA;"special techniques"
"transplastic";"file_tec.xml";0,3;0,9;"special techniques"
"variete";"file_tec.xml";1;200;"sowing"
"ahres";"param_gen.xml";0;500;"Typology of pebbles fertilisers and residues"
"akres";"param_gen.xml";0;1000;"Typology of pebbles fertilisers and residues"
"albedomulchresidus";"param_gen.xml";0,05;0,8;"Typology of pebbles fertilisers and residues"
"alphaph";"param_gen.xml";0,001;0,02;"Soil C and N processes and fertiliser losses"
"awb";"param_gen.xml";0;500;"Typology of pebbles fertilisers and residues"
"beta";"param_gen.xml";1;2;"Water absorption and nitrogen content of the plant"
"bformnappe";"param_gen.xml";0;1;"Soil hydrology and compaction"
"bhres";"param_gen.xml";0;10000;"Typology of pebbles fertilisers and residues"
"bkres";"param_gen.xml";-5;1000;"Typology of pebbles fertilisers and residues"
"bwb";"param_gen.xml";-2500;0;"Typology of pebbles fertilisers and residues"
"cmax_pdenit";"param_gen.xml";3;40;"Nitrification, denitrification and associated N2O emissions"
"cmin_pdenit";"param_gen.xml";0;3;"Nitrification, denitrification and associated N2O emissions"
"CNresmax";"param_gen.xml";3;200;"Typology of pebbles fertilisers and residues"
"CNresmin";"param_gen.xml";3;200;"Typology of pebbles fertilisers and residues"
"code_hourly_wfps_denit";"param_gen.xml";1;2;"Nitrification, denitrification and associated N2O emissions"
"code_hourly_wfps_nit";"param_gen.xml";1;2;"Nitrification, denitrification and associated N2O emissions"
"code_pdenit";"param_gen.xml";1;2;"Nitrification, denitrification and associated N2O emissions"
"code_ratiodenit";"param_gen.xml";1;2;"Nitrification, denitrification and associated N2O emissions"
"code_rationit";"param_gen.xml";1;2;"Nitrification, denitrification and associated N2O emissions"
"code_tnit";"param_gen.xml";1;2;"Nitrification, denitrification and associated N2O emissions"
"code_vnit";"param_gen.xml";1;2;"Nitrification, denitrification and associated N2O emissions"
"codeactimulch";"param_gen.xml";1;2;"Simulation options"
"codefrmur";"param_gen.xml";1;2;"Simulation options"
"codefxn";"param_gen.xml";1;3;"Water absorption and nitrogen content of the plant"
"codeh2oact";"param_gen.xml";1;2;"Simulation options"
"codeinitprec";"param_gen.xml";1;2;"Simulation options"
"codeinnact";"param_gen.xml";1;2;"Simulation options"
"codemicheur";"param_gen.xml";1;2;"Simulation options"
"codeminopt";"param_gen.xml";1;2;"Simulation options"
"codemsfinal";"param_gen.xml";1;2;"Simulation options"
"codeoutscient";"param_gen.xml";1;2;"Simulation options"
"codeprofmes";"param_gen.xml";1;2;"Simulation options"
"codesensibilite";"param_gen.xml";1;2;"Simulation options"
"codeseprapport";"param_gen.xml";1;2;"Simulation options"
"codesnow";"param_gen.xml";1;2;"Simulation options"
"codesymbiose";"param_gen.xml";1;2;"Water absorption and nitrogen content of the plant"
"codetycailloux";"param_gen.xml";1;10;"Typology of pebbles fertilisers and residues"
"codetypeng";"param_gen.xml";1;8;"Typology of pebbles fertilisers and residues"
"codetypres";"param_gen.xml";1;21;"Typology of pebbles fertilisers and residues"
"codhnappe";"param_gen.xml";1;2;"Soil hydrology and compaction"
"coefb";"param_gen.xml";0,05;0,15;"Shoot growth"
"CroCo";"param_gen.xml";0;1;"Typology of pebbles fertilisers and residues"
"cwb";"param_gen.xml";5;60;"Typology of pebbles fertilisers and residues"
"dacohes";"param_gen.xml";0,001;1,4;"Root growth"
"daseuilbas";"param_gen.xml";1;1,4;"Root growth"
"daseuilhaut";"param_gen.xml";1,4;2,5;"Root growth"
"deneng";"param_gen.xml";0;1;"Typology of pebbles fertilisers and residues"
"difN";"param_gen.xml";0,01;0,1;"Water absorption and nitrogen content of the plant"
"diftherm";"param_gen.xml";0,001;0,01;"Soil hydrology and compaction"
"distdrain";"param_gen.xml";0;25000;"Soil hydrology and compaction"
"dphvolmax";"param_gen.xml";0;3;"Soil C and N processes and fertiliser losses"
"engamm";"param_gen.xml";0;1;"Typology of pebbles fertilisers and residues"
"fhminsat";"param_gen.xml";0;1;"Soil C and N processes and fertiliser losses"
"flagecriture";"param_gen.xml";0;511;"Simulation options"
"fNCbiomin";"param_gen.xml";0,01;0,1;"Soil C and N processes and fertiliser losses"
"fnx";"param_gen.xml";0,1;1;"Nitrification, denitrification and associated N2O emissions"
"fredkN";"param_gen.xml";0,1;1;"Soil C and N processes and fertiliser losses"
"fredlN";"param_gen.xml";0,2;1;"Soil C and N processes and fertiliser losses"
"fredNsup";"param_gen.xml";0;1;"Soil C and N processes and fertiliser losses"
"FTEMh";"param_gen.xml";0,05;0,5;"Soil C and N processes and fertiliser losses"
"FTEMha";"param_gen.xml";10;50;"Soil C and N processes and fertiliser losses"
"FTEMr";"param_gen.xml";0,05;0,5;"Soil C and N processes and fertiliser losses"
"FTEMra";"param_gen.xml";5;30;"Soil C and N processes and fertiliser losses"
"GMIN1";"param_gen.xml";0;1;"Soil C and N processes and fertiliser losses"
"GMIN2";"param_gen.xml";0;1;"Soil C and N processes and fertiliser losses"
"GMIN3";"param_gen.xml";0;1;"Soil C and N processes and fertiliser losses"
"GMIN4";"param_gen.xml";0;1;"Soil C and N processes and fertiliser losses"
"GMIN5";"param_gen.xml";3;11;"Soil C and N processes and fertiliser losses"
"GMIN6";"param_gen.xml";0;1;"Soil C and N processes and fertiliser losses"
"GMIN7";"param_gen.xml";5;35;"Soil C and N processes and fertiliser losses"
"hcccx";"param_gen.xml";0;50;"Typology of pebbles fertilisers and residues"
"hminm";"param_gen.xml";0,1;1;"Soil C and N processes and fertiliser losses"
"hminn";"param_gen.xml";0,1;1;"Nitrification, denitrification and associated N2O emissions"
"hoptm";"param_gen.xml";0,1;1;"Soil C and N processes and fertiliser losses"
"hoptn";"param_gen.xml";0,1;1;"Nitrification, denitrification and associated N2O emissions"
"iniprofil";"param_gen.xml";1;2;"Simulation options"
"irrlev";"param_gen.xml";0;50;"Water absorption and nitrogen content of the plant"
"Kamm";"param_gen.xml";1;300;"Nitrification, denitrification and associated N2O emissions"
"kbio";"param_gen.xml";0;250;"Typology of pebbles fertilisers and residues"
"kcouvmlch";"param_gen.xml";0;150;"Typology of pebbles fertilisers and residues"
"Kd";"param_gen.xml";10;500;"Nitrification, denitrification and associated N2O emissions"
"kdesat";"param_gen.xml";1;20;"Nitrification, denitrification and associated N2O emissions"
"lvopt";"param_gen.xml";0,2;1;"Water absorption and nitrogen content of the plant"
"masvolcx";"param_gen.xml";0,5;5;"Typology of pebbles fertilisers and residues"
"max_pdenit";"param_gen.xml";0;100;"Nitrification, denitrification and associated N2O emissions"
"min_pdenit";"param_gen.xml";0;2;"Nitrification, denitrification and associated N2O emissions"
"mouillabilmulch";"param_gen.xml";0,05;5;"Typology of pebbles fertilisers and residues"
"nh4_min";"param_gen.xml";0;20;"Nitrification, denitrification and associated N2O emissions"
"Nitrification, denitrification and associated N2O emissions";"param_gen.xml";NA;NA;"Nitrification, denitrification and associated N2O emissions"
"orgeng";"param_gen.xml";0;100;"Typology of pebbles fertilisers and residues"
"parsurrg";"param_gen.xml";0,4;0,6;"Radiation interception"
"pHmaxden";"param_gen.xml";6;10;"Nitrification, denitrification and associated N2O emissions"
"pHmaxnit";"param_gen.xml";5;9;"Nitrification, denitrification and associated N2O emissions"
"pHmaxvol";"param_gen.xml";6;9;"Soil C and N processes and fertiliser losses"
"pHminden";"param_gen.xml";3;6,5;"Nitrification, denitrification and associated N2O emissions"
"pHminnit";"param_gen.xml";3;6;"Nitrification, denitrification and associated N2O emissions"
"pHminvol";"param_gen.xml";3;6;"Soil C and N processes and fertiliser losses"
"phvols";"param_gen.xml";5;9;"Soil C and N processes and fertiliser losses"
"plNmin";"param_gen.xml";5;30;"Water absorption and nitrogen content of the plant"
"pminruis";"param_gen.xml";2;50;"Soil hydrology and compaction"
"Primingmax";"param_gen.xml";1;5;"Soil C and N processes and fertiliser losses"
"proflabour";"param_gen.xml";0;100;"Soil tillage if soil compaction activated"
"proftravmin";"param_gen.xml";0;100;"Soil tillage if soil compaction activated"
"prophumtassrec";"param_gen.xml";0,8;1,8;"Soil hydrology and compaction"
"prophumtasssem";"param_gen.xml";0,8;1,8;"Soil hydrology and compaction"
"proprac";"param_gen.xml";0,05;0,5;"Shoot growth"
"psihucc";"param_gen.xml";-5;-0,1;"Soil hydrology and compaction"
"psihumin";"param_gen.xml";-5;-0,1;"Soil hydrology and compaction"
"Qmulchdec";"param_gen.xml";0;5;"Typology of pebbles fertilisers and residues"
"qmulchruis0";"param_gen.xml";0;5;"Typology of pebbles fertilisers and residues"
"QNpltminINN";"param_gen.xml";0;50;"Water absorption and nitrogen content of the plant"
"Radiation interception";"param_gen.xml";NA;NA;"Radiation interception"
"ratiodenit";"param_gen.xml";0;1;"Nitrification, denitrification and associated N2O emissions"
"rationit";"param_gen.xml";0;0,05;"Nitrification, denitrification and associated N2O emissions"
"rdrain";"param_gen.xml";1;100;"Soil hydrology and compaction"
"Root growth";"param_gen.xml";NA;NA;"Root growth"
"scale_tdenitopt";"param_gen.xml";10;40;"Nitrification, denitrification and associated N2O emissions"
"scale_tnitopt";"param_gen.xml";5;30;"Nitrification, denitrification and associated N2O emissions"
"separateurrapport";"param_gen.xml";NA;NA;"Simulation options"
"Shoot growth";"param_gen.xml";NA;NA;"Shoot growth"
"Simulation options";"param_gen.xml";NA;NA;"Simulation options"
"Soil C and N processes and fertiliser losses";"param_gen.xml";NA;NA;"Soil C and N processes and fertiliser losses"
"Soil hydrology and compaction";"param_gen.xml";NA;NA;"Soil hydrology and compaction"
"Soil tillage if soil compaction activated";"param_gen.xml";NA;NA;"Soil tillage if soil compaction activated"
"tdenitopt_gauss";"param_gen.xml";0;60;"Nitrification, denitrification and associated N2O emissions"
"tmin_mineralisation";"param_gen.xml";0,05;0,5;"Soil C and N processes and fertiliser losses"
"tnitmax";"param_gen.xml";30;50;"Nitrification, denitrification and associated N2O emissions"
"tnitmin";"param_gen.xml";-10;20;"Nitrification, denitrification and associated N2O emissions"
"tnitopt";"param_gen.xml";10;40;"Nitrification, denitrification and associated N2O emissions"
"tnitopt_gauss";"param_gen.xml";0;50;"Nitrification, denitrification and associated N2O emissions"
"tnitopt2";"param_gen.xml";20;45;"Nitrification, denitrification and associated N2O emissions"
"TREFh";"param_gen.xml";-10;20;"Soil C and N processes and fertiliser losses"
"TREFr";"param_gen.xml";-10;20;"Soil C and N processes and fertiliser losses"
"Typology of pebbles fertilisers and residues";"param_gen.xml";NA;NA;"Typology of pebbles fertilisers and residues"
"Vabs2";"param_gen.xml";0,5;5;"Soil C and N processes and fertiliser losses"
"vnitmax";"param_gen.xml";0;100;"Nitrification, denitrification and associated N2O emissions"
"voleng";"param_gen.xml";0;1;"Typology of pebbles fertilisers and residues"
"Water absorption and nitrogen content of the plant";"param_gen.xml";NA;NA;"Water absorption and nitrogen content of the plant"
"wfpsc";"param_gen.xml";0,3;1;"Nitrification, denitrification and associated N2O emissions"
"Wh";"param_gen.xml";0,05;0,14;"Soil C and N processes and fertiliser losses"
"Xorgmax";"param_gen.xml";100;500;"Soil C and N processes and fertiliser losses"
"y0msrac";"param_gen.xml";0;5;"Shoot growth"
"yres";"param_gen.xml";0,3;0,7;"Typology of pebbles fertilisers and residues"
"code_CsurNsol_dynamic";"param_newform.xml";1;2;"Mineralization models"
"code_ISOP";"param_newform.xml";1;2;"ISOP"
"code_pct_legume";"param_newform.xml";1;2;"ISOP"
"codecalferti";"param_newform.xml";1;2;"Fertilisation driving"
"codeNmindec";"param_newform.xml";1;2;"Residues decomposition"
"codepluiepoquet";"param_newform.xml";1;2;"Specificities of Quinoa"
"coderes_pature";"param_newform.xml";10;1;"option for pasture "
"codeSWDRH";"param_newform.xml";1;2;"coupling with pathogen models"
"codetesthumN";"param_newform.xml";1;2;"Fertilisation driving"
"codetrosee";"param_newform.xml";1;2;"coupling with pathogen models"
"coef_calcul_doseN";"param_newform.xml";30;1;"option for pasture "
"coef_calcul_qres";"param_newform.xml";10;1;"option for pasture "
"coupling with pathogen models";"param_newform.xml";NA;NA;"coupling with pathogen models"
"Crespc_pature";"param_newform.xml";20;0;"option for pasture "
"dosimxN";"param_newform.xml";5;500;"Fertilisation driving"
"eaures_pature";"param_newform.xml";100;0;"option for pasture "
"engrais_pature";"param_newform.xml";10;1;"option for pasture "
"Fertilisation driving";"param_newform.xml";NA;NA;"Fertilisation driving"
"fNmindecmin";"param_newform.xml";0;1;"Residues decomposition"
"humirac";"param_newform.xml";0;1;"New Roots"
"ISOP";"param_newform.xml";NA;NA;"ISOP"
"Mineralization models";"param_newform.xml";NA;NA;"Mineralization models"
"nbjoursrrversirrig";"param_newform.xml";0;0;"Specificities of Quinoa"
"New Roots";"param_newform.xml";NA;NA;"New Roots"
"Nminres_pature";"param_newform.xml";1;0;"option for pasture "
"option for pasture ";"param_newform.xml";NA;NA;"option for pasture "
"option_pature";"param_newform.xml";1;2;"option for pasture "
"pct_legum";"param_newform.xml";0;1;"ISOP"
"pertes_restit_ext";"param_newform.xml";1;0;"option for pasture "
"rapNmindec";"param_newform.xml";0;1;"Residues decomposition"
"ratiolN";"param_newform.xml";0,2;1;"Fertilisation driving"
"Residues decomposition";"param_newform.xml";NA;NA;"Residues decomposition"
"Specificities of Quinoa";"param_newform.xml";NA;NA;"Specificities of Quinoa"
"albedo";"sols.xml";0,05;0,6;"none"
"argi";"sols.xml";0;60;"none"
"cailloux";"sols.xml";NA;NA;"none"
"calc";"sols.xml";0;100;"none"
"capiljour";"sols.xml";NA;NA;"none"
"cfes";"sols.xml";-10;10;"none"
"codecailloux";"sols.xml";1;2;"none"
"codedenit";"sols.xml";1;2;"none"
"codefente";"sols.xml";1;2;"none"
"codemacropor";"sols.xml";1;2;"none"
"codenitrif";"sols.xml";1;2;"none"
"coderemontcap";"sols.xml";1;2;"none"
"codrainage";"sols.xml";1;2;"none"
"concseuil";"sols.xml";0;0,5;"none"
"CsurNsol";"sols.xml";8;20;"none"
"DAF";"sols.xml";NA;NA;"none"
"ecartdrain";"sols.xml";NA;NA;"none"
"epc";"sols.xml";NA;NA;"none"
"epd";"sols.xml";NA;NA;"none"
"finert";"sols.xml";NA;NA;"none"
"HCCF";"sols.xml";NA;NA;"none"
"HMINF";"sols.xml";NA;NA;"none"
"humcapil";"sols.xml";NA;NA;"none"
"infil";"sols.xml";NA;NA;"none"
"ksol";"sols.xml";NA;NA;"none"
"mulchbat";"sols.xml";0;2;"none"
"norg";"sols.xml";0,05;0,5;"none"
"obstarac";"sols.xml";10;1000;"none"
"penterui";"sols.xml";0;5;"none"
"pH";"sols.xml";4;9;"none"
"pluiebat";"sols.xml";5;100;"none"
"profdenit";"sols.xml";NA;NA;"none"
"profdrain";"sols.xml";NA;NA;"none"
"profhum";"sols.xml";10;150;"none"
"profimper";"sols.xml";NA;NA;"none"
"q0";"sols.xml";0;50;"none"
"ruisolnu";"sols.xml";0;1;"none"
"typecailloux";"sols.xml";NA;NA;"none"
"vpotdenit";"sols.xml";NA;NA;"none"
"z0solnu";"sols.xml";0,01;0,2;"none"
"zesx";"sols.xml";10;150;"none"
"codesimul";"usms.xml";NA;NA;"none"
"culturean";"usms.xml";NA;NA;"none"
"datedebut";"usms.xml";NA;NA;"none"
"datefin";"usms.xml";NA;NA;"none"
"fclim1";"usms.xml";NA;NA;"none"
"fclim2";"usms.xml";NA;NA;"none"
"finit";"usms.xml";NA;NA;"none"
"flai";"usms.xml";NA;NA;"none"
"fobs";"usms.xml";NA;NA;"none"
"fplt";"usms.xml";NA;NA;"none"
"fstation";"usms.xml";NA;NA;"none"
"ftec";"usms.xml";NA;NA;"none"
"nbplantes";"usms.xml";NA;NA;"none"
"nomsol";"usms.xml";NA;NA;"none"
